picked_at_utc,season,week,game_id,kickoff_utc,home_team,away_team,p_home,pick,pick_prob,confidence,model_stage,model_version,n_train,spread_line_at_pick,home_moneyline_at_pick,away_moneyline_at_pick
2026-10-07T21:39:50+00:00,2026,5,2026_05_TB_DAL,2026-10-09T00:15:00+00:00,DAL,TB,0.6388,DAL,0.6388,lean,stage1,0.1.0,3082,8.5,-470,360
2026-10-07T21:39:50+00:00,2026,5,2026_05_PHI_JAX,2026-10-11T13:30:00+00:00,JAX,PHI,0.7987,JAX,0.7987,strong,stage1,0.1.0,3082,7.0,-355,280
2026-10-07T21:39:50+00:00,2026,5,2026_05_CHI_GB,2026-10-11T17:00:00+00:00,GB,CHI,0.5154,GB,0.5154,coin flip,stage1,0.1.0,3082,-2.5,114,-135
2026-10-07T21:39:50+00:00,2026,5,2026_05_CIN_MIA,2026-10-11T17:00:00+00:00,MIA,CIN,0.3213,CIN,0.6787,confident,stage1,0.1.0,3082,-6.5,270,-340
2026-10-07T21:39:50+00:00,2026,5,2026_05_CLE_NYJ,2026-10-11T17:00:00+00:00,NYJ,CLE,0.5141,NYJ,0.5141,coin flip,stage1,0.1.0,3082,1.5,-125,105
2026-10-07T21:39:50+00:00,2026,5,2026_05_HOU_TEN,2026-10-11T17:00:00+00:00,TEN,HOU,0.3607,HOU,0.6393,lean,stage1,0.1.0,3082,-7.5,280,-355
2026-10-07T21:39:50+00:00,2026,5,2026_05_IND_PIT,2026-10-11T17:00:00+00:00,PIT,IND,0.5037,PIT,0.5037,coin flip,stage1,0.1.0,3082,2.5,-148,124
2026-10-07T21:39:50+00:00,2026,5,2026_05_LV_NE,2026-10-11T17:00:00+00:00,NE,LV,0.6317,NE,0.6317,lean,stage1,0.1.0,3082,3.5,-198,164
2026-10-07T21:39:50+00:00,2026,5,2026_05_MIN_NO,2026-10-11T17:00:00+00:00,NO,MIN,0.4348,MIN,0.5652,lean,stage1,0.1.0,3082,-1.5,105,-125
2026-10-07T21:39:50+00:00,2026,5,2026_05_NYG_WAS,2026-10-11T17:00:00+00:00,WAS,NYG,0.6522,WAS,0.6522,confident,stage1,0.1.0,3082,3.5,-175,145
2026-10-07T21:39:50+00:00,2026,5,2026_05_DEN_LAC,2026-10-11T20:05:00+00:00,LAC,DEN,0.5248,LAC,0.5248,coin flip,stage1,0.1.0,3082,-3.5,154,-185
2026-10-07T21:39:50+00:00,2026,5,2026_05_DET_ARI,2026-10-11T20:25:00+00:00,ARI,DET,0.3586,DET,0.6414,lean,stage1,0.1.0,3082,-5.5,205,-250
2026-10-07T21:39:50+00:00,2026,5,2026_05_SF_SEA,2026-10-11T20:25:00+00:00,SEA,SF,0.3821,SF,0.6179,lean,stage1,0.1.0,3082,2.5,-155,130
2026-10-07T21:39:50+00:00,2026,5,2026_05_BAL_ATL,2026-10-12T00:20:00+00:00,ATL,BAL,0.6021,ATL,0.6021,lean,stage1,0.1.0,3082,3.5,-180,150
2026-10-07T21:39:50+00:00,2026,5,2026_05_BUF_LA,2026-10-13T00:15:00+00:00,LA,BUF,0.6508,LA,0.6508,confident,stage1,0.1.0,3082,3.0,-162,136
